score_type,low,mid,high
rouge1-R,0.376591,0.386242,0.396498
rouge1-P,0.518768,0.530686,0.543005
rouge1-F,0.402920,0.411089,0.420008
rouge2-R,0.193414,0.203234,0.212277
rouge2-P,0.271413,0.283405,0.294596
rouge2-F,0.207495,0.217108,0.225741
rougeL-R,0.298542,0.308544,0.319493
rougeL-P,0.406345,0.417184,0.428321
rougeL-F,0.317219,0.325574,0.334847
