score_type,low,mid,high
rouge1-R,0.427641,0.439926,0.451546
rouge1-P,0.509663,0.521596,0.532806
rouge1-F,0.429256,0.439181,0.448014
rouge2-R,0.230155,0.242802,0.255642
rouge2-P,0.271400,0.283670,0.296966
rouge2-F,0.228361,0.239703,0.251529
rougeL-R,0.336751,0.348287,0.360863
rougeL-P,0.395516,0.407155,0.419201
rougeL-F,0.335071,0.345050,0.355291
