{
    "eval_loss": 2.642305850982666,
    "eval_runtime": 271.9811,
    "eval_samples": 25,
    "eval_samples_per_second": 0.092,
    "eval_steps_per_second": 0.015,
    "perplexity": 14.045553249435912
}