{
    "eval_loss": 2.8566932678222656,
    "eval_runtime": 622.3981,
    "eval_samples": 66,
    "eval_samples_per_second": 0.106,
    "eval_steps_per_second": 0.014,
    "perplexity": 17.40388170478456
}