{
    "eval_loss": 1.1434588432312012,
    "eval_runtime": 296.5811,
    "eval_samples": 71,
    "eval_samples_per_second": 0.239,
    "eval_steps_per_second": 0.03,
    "perplexity": 3.1376020920621914
}