{
    "eval_loss": 0.9025440216064453,
    "eval_runtime": 382.915,
    "eval_samples": 80,
    "eval_samples_per_second": 0.209,
    "eval_steps_per_second": 0.026,
    "perplexity": 2.4658683607010365
}