score_type,low,mid,high
rouge1-R,0.860354,0.872727,0.884023
rouge1-P,0.746193,0.761453,0.777271
rouge1-F,0.750214,0.761698,0.774125
rouge2-R,0.835795,0.848473,0.861413
rouge2-P,0.725665,0.741717,0.757998
rouge2-F,0.726519,0.739987,0.752365
rougeL-R,0.845505,0.858595,0.870810
rougeL-P,0.733966,0.750612,0.767098
rougeL-F,0.736873,0.750543,0.763083
