{
    "eval_loss": 0.5355066657066345,
    "eval_runtime": 289.6837,
    "eval_samples": 74,
    "eval_samples_per_second": 0.255,
    "eval_steps_per_second": 0.035,
    "perplexity": 1.7083135669210705
}