{
    "eval_loss": 1.628739833831787,
    "eval_runtime": 606.128,
    "eval_samples": 54,
    "eval_samples_per_second": 0.089,
    "eval_steps_per_second": 0.012,
    "perplexity": 5.097447039112311
}